Ticker,Sector,MarketCap,ROE,DER,NPM
AADI,Energy,"58,4E+12","20,7E+0","61,0E-2","21,7E+0"
AALI,Consumer Non-Cyclicals,"14,6E+12","6,0E+0","18,0E-2","6,4E+0"
ABBA,Consumer Cyclicals,"21,6E+10",,"-4,2E+0","-4,5E+0"
ABDA,Financials,"1,7E+12","6,3E+0","69,0E-2","12,4E+0"
ABMM,Industrials,"8,0E+12","8,8E+0","1,4E+0","9,7E+0"
ACES,Consumer Cyclicals,"7,2E+12","12,4E+0","27,0E-2","12,6E+0"
ACRO,Consumer Cyclicals,"30,5E+10","4,8E+0","26,0E-2","29,3E+0"
ACST,Infrastructures,"2,5E+12","-1,4E+2","13,8E+0","-20,1E+0"
ADCP,Properties & Real Estate,"1,2E+12","29,0E-2","1,7E+0","4,7E+0"
ADES,Consumer Non-Cyclicals,"9,1E+12","24,2E+0","19,0E-2","36,0E+0"
ADHI,Infrastructures,"2,1E+12","1,9E+0","2,5E+0","3,3E+0"
ADMF,Financials,"10,8E+12","10,6E+0","1,8E+0","21,1E+0"
ADMG,Basic Materials,"62,6E+10","-4,3E+0","38,0E-2","-4,8E+0"
ADMR,Energy,"51,9E+12","19,6E+0","60,0E-2","48,1E+0"
ADRO,Energy,"53,2E+12","11,0E+0","28,0E-2","41,9E+0"
AEGS,Consumer Cyclicals,"7,6E+10","87,0E-2","8,0E-2","4,5E+0"
AGAR,Consumer Non-Cyclicals,"24,0E+10","1,9E+0","95,0E-2","1,3E+0"
AGII,Basic Materials,"4,8E+12","2,2E+0","1,1E+0","3,8E+0"
AGRO,Financials,"5,6E+12","1,7E+0","2,9E+0","6,6E+0"
AGRS,Financials,"3,7E+12","3,6E+0","2,9E+0","18,7E+0"
AHAP,Financials,"45,6E+10","-1,1E+0","4,5E+0","-36,0E-2"
AIMS,Energy,"8,4E+10","-4,8E+2","25,3E+0","-62,2E+0"
AISA,Consumer Non-Cyclicals,"1,4E+12","8,3E+0","84,0E-2","6,4E+0"
AKKU,Consumer Cyclicals,"24,5E+10","-2,3E+0","67,0E-2","-1,8E+2"
AKPI,Basic Materials,"35,2E+10","39,0E-2","1,1E+0","32,0E-2"
AKRA,Energy,"24,9E+12","16,5E+0","1,3E+0","7,4E+0"
AKSI,Transportation & Logistic,"34,1E+10","-5,9E+0","74,0E-2","-2,9E+0"
ALDO,Basic Materials,"1,7E+12","29,0E-2","95,0E-2","19,0E-2"
ALII,Energy,"9,4E+12","17,9E+0","33,0E-2","48,8E+0"
ALKA,Basic Materials,"18,3E+10","-2,4E+0","6,0E-2","-4,8E+0"
ALMI,Basic Materials,"28,2E+10","-2,1E+2","3,6E+0","-1,6E+4"
ALTO,Consumer Non-Cyclicals,"3,9E+10","-14,3E+0","2,1E+0","-71,9E+0"
AMAG,Financials,"1,9E+12","10,2E+0","1,8E+0","9,4E+0"
AMAN,Properties & Real Estate,"70,1E+10","7,5E+0","77,0E-2","33,6E+0"
AMAR,Financials,"4,2E+12","7,0E+0","62,0E-2","22,5E+0"
AMFG,Industrials,"1,4E+12","3,0E+0","59,0E-2","3,8E+0"
AMIN,Industrials,"27,6E+10","11,1E+0","43,0E-2","7,9E+0"
AMMN,Basic Materials,"4,8E+14","-4,3E+0","1,6E+0","-39,0E+0"
AMMS,Consumer Non-Cyclicals,"59,8E+10","22,0E-2","3,0E-2","3,3E+0"
AMOR,Financials,"86,7E+10","24,7E+0","27,0E-2","1,2E+2"
AMRT,Consumer Non-Cyclicals,"74,7E+12","16,5E+0","1,2E+0","3,2E+0"
ANDI,Consumer Non-Cyclicals,"22,4E+10","-8,4E+0","1,3E+0","-5,6E+0"
ANJT,Consumer Non-Cyclicals,"6,2E+12","7,9E+0","45,0E-2","17,2E+0"
ANTM,Basic Materials,"69,9E+12","21,1E+0","37,0E-2","10,3E+0"
APEX,Energy,"81,6E+10","1,8E+0","2,7E+0","1,8E+0"
APIC,Financials,"17,9E+12","3,5E+0","1,6E+0","5,9E+0"
APII,Industrials,"20,3E+10","2,2E+0","58,0E-2","3,7E+0"
APLI,Basic Materials,"59,7E+10","-21,0E-2","37,0E-2","-32,0E-2"
APLN,Properties & Real Estate,"2,2E+12","4,6E+0","91,0E-2","23,3E+0"
ARCI,Basic Materials,"30,5E+12","24,5E+0","1,8E+0","25,6E+0"
AREA,Technology,"1,4E+12","3,7E+0","20,0E-2","19,1E+0"
ARGO,Consumer Cyclicals,"3,3E+12","-12,8E+0","8,5E+0","-18,1E+0"
ARII,Energy,"94,7E+10","9,4E+0","7,1E+0","2,6E+0"
ARKA,Industrials,"6,6E+10","3,0E+0","2,8E+0","3,5E+0"
ARKO,Infrastructures,"13,8E+12","9,8E+0","2,2E+0","19,8E+0"
ARMY,Properties & Real Estate,"45,0E+10","37,0E-2","16,0E-2","13,3E+0"
ARNA,Industrials,"3,9E+12","22,3E+0","42,0E-2","19,0E+0"
ARTA,Consumer Cyclicals,"1,3E+12","22,0E-2","4,0E-2","1,2E+0"
ARTI,Energy,"1,6E+10",,"-3,5E+0","33,5E+0"
ARTO,Financials,"27,9E+12","2,8E+0","2,9E+0","9,8E+0"
ASBI,Financials,"15,7E+10","5,4E+0","94,0E-2","9,1E+0"
ASDM,Financials,"23,4E+10","8,1E+0","2,4E+0","2,5E+0"
ASGR,Industrials,"1,7E+12","11,8E+0","47,0E-2","10,4E+0"
ASHA,Consumer Non-Cyclicals,"34,5E+10","-31,9E+0","27,0E-2","-34,8E+0"
ASII,Industrials,"2,7E+14","11,3E+0","75,0E-2","13,4E+0"
ASJT,Financials,"19,0E+10","4,3E+0","79,0E-2","8,2E+0"
ASLC,Consumer Cyclicals,"1,0E+12","4,5E+0","28,0E-2","4,9E+0"
ASLI,Infrastructures,"2,5E+12","-3,4E+0","16,0E-2","-11,5E+0"
ASMI,Financials,"25,1E+10","6,7E+0","2,7E+0","1,8E+0"
ASPI,Properties & Real Estate,"56,3E+10","-24,0E-2","43,0E-2","-4,2E+0"
ASPR,Basic Materials,"26,3E+10","4,7E+0","81,0E-2","4,7E+0"
ASRI,Properties & Real Estate,"3,2E+12","45,0E-2","1,0E+0","3,1E+0"
ASRM,Financials,"39,7E+10","2,3E+0","2,3E+0","1,5E+0"
ASSA,Transportation & Logistic,"4,1E+12","12,0E+0","1,7E+0","8,6E+0"
ATAP,Properties & Real Estate,"22,1E+10","-3,5E+0","31,0E-2","-14,8E+0"
ATIC,Technology,"1,6E+12","31,6E+0","5,7E+0","3,6E+0"
ATLA,Energy,"37,8E+10","1,6E+0","4,0E-2","4,1E+0"
AUTO,Consumer Cyclicals,"12,2E+12","12,6E+0","39,0E-2","14,0E+0"
AVIA,Basic Materials,"28,5E+12","17,3E+0","14,0E-2","28,6E+0"
AWAN,Technology,"74,9E+10","3,6E+0","27,0E-2","5,7E+0"
AXIO,Technology,"77,1E+10","10,7E+0","1,4E+0","5,2E+0"
AYAM,Consumer Non-Cyclicals,"1,3E+12","-8,4E+0","1,5E+0","-7,1E+0"
AYLS,Basic Materials,"21,3E+10","-6,0E+0","0,0E+0","-3,2E+2"
BABP,Financials,"2,5E+12","2,3E+0","4,5E+0","6,9E+0"
BABY,Consumer Cyclicals,"76,9E+10","-10,2E+0","60,0E-2","-5,2E+0"
BACA,Financials,"3,1E+12","1,4E+0","2,7E+0","7,6E+0"
BAIK,Consumer Cyclicals,"11,5E+10","2,4E+0","8,0E-2","2,0E+0"
BAJA,Basic Materials,"31,7E+10","-1,8E+2","20,0E+0","-10,1E+0"
BALI,Infrastructures,"5,2E+12","7,1E+0","1,5E+0","19,3E+0"
BANK,Basic Materials,"13,7E+12","4,1E+0","19,0E-2","21,6E+0"
BAPA,Properties & Real Estate,"6,0E+10","-4,1E+0","15,0E-2","-5,5E+2"
BAPI,Properties & Real Estate,"13,4E+10","-1,5E+0","64,0E-2","-5,1E+2"
BATA,Consumer Cyclicals,"7,8E+10",,"-5,3E+0","-29,7E+0"
BATR,Basic Materials,"33,0E+10","8,4E+0","41,0E-2","12,2E+0"
BAUT,Consumer Cyclicals,"18,7E+10","-11,1E+0","33,0E-2","-19,5E+0"
BAYU,Consumer Cyclicals,"47,0E+10","19,4E+0","69,0E-2","5,3E+0"
BBCA,Financials,"10,1E+14","20,7E+0","4,5E+0","74,1E+0"
BBHI,Financials,"32,3E+12","7,4E+0","1,3E+0","40,5E+0"
BBKP,Financials,"13,6E+12","-40,6E+0","9,8E+0","-78,6E+0"
BBLD,Financials,"1,4E+12","3,1E+0","4,3E+0","7,0E+0"
BBMD,Financials,"7,9E+12","6,4E+0","2,1E+0","36,3E+0"
BBNI,Financials,"1,6E+14","11,8E+0","6,4E+0","33,4E+0"
BBRI,Financials,"5,5E+14","16,5E+0","5,3E+0","31,4E+0"
BBRM,Energy,"73,8E+10","16,3E+0","10,0E-2","67,6E+0"
BBSI,Financials,"14,5E+12","4,2E+0","2,1E+0","9,2E+0"
BBSS,Properties & Real Estate,"1,7E+12","-42,0E-2","2,0E-2","-2,0E+2"
BBTN,Financials,"16,6E+12","9,3E+0","12,8E+0","12,9E+0"
BBYB,Financials,"5,7E+12","11,6E+0","3,5E+0","19,6E+0"
BCAP,Financials,"2,3E+12","2,2E+0","4,0E+0","5,2E+0"
BCIC,Financials,"2,9E+12","-2,4E+0","9,1E+0","-4,1E+0"
BCIP,Properties & Real Estate,"14,3E+10","3,3E+0","75,0E-2","16,6E+0"
BDKR,Infrastructures,"79,9E+10","-2,3E+0","52,0E-2","-6,1E+0"
BDMN,Financials,"24,1E+12","6,8E+0","3,8E+0","20,0E+0"
BEBS,Basic Materials,"22,5E+10","-4,6E+0","11,0E-2","-71,4E+0"
BEEF,Consumer Non-Cyclicals,"5,3E+12","45,0E+0","4,1E+0","3,2E+0"
BEER,Consumer Non-Cyclicals,"80,0E+10","3,0E+0","9,0E-2","26,6E+0"
BEKS,Financials,"1,4E+12","2,5E+0","4,5E+0","9,6E+0"
BELI,Technology,"61,6E+12","-27,4E+0","92,0E-2","-16,4E+0"
BELL,Consumer Cyclicals,"50,8E+10","1,9E+0","1,1E+0","1,2E+0"
BESS,Energy,"6,0E+12","14,4E+0","9,0E-2","36,2E+0"
BEST,Properties & Real Estate,"98,4E+10","17,0E-2","29,0E-2","3,1E+0"
BFIN,Financials,"11,3E+12","14,9E+0","1,3E+0","38,7E+0"
BGTG,Financials,"2,9E+12","6,6E+0","1,8E+0","43,9E+0"
BHAT,Financials,"7,6E+12","-6,0E-2","1,0E+0","-32,0E-2"
BHIT,Industrials,"2,8E+12","41,0E-2","80,0E-2","1,6E+0"
BIKA,Properties & Real Estate,"3,3E+10",,"-7,7E+0","-54,4E+0"
BIKE,Consumer Cyclicals,"1,1E+12","13,1E+0","2,1E+0","5,5E+0"
BIMA,Consumer Cyclicals,"5,0E+10","-51,9E+0","5,1E+0","-30,1E+0"
BINA,Financials,"27,3E+12","12,0E-2","7,2E+0","32,0E-2"
BINO,Industrials,"35,0E+10","-12,0E+0","35,0E-2","-18,7E+0"
BIPI,Energy,"6,0E+12","-40,0E-2","1,8E+0","-1,2E+0"
BIPP,Properties & Real Estate,"24,6E+10","3,1E+0","82,0E-2","16,2E+0"
BIRD,Transportation & Logistic,"4,4E+12","10,2E+0","50,0E-2","15,3E+0"
BISI,Consumer Non-Cyclicals,"2,7E+12","4,3E+0","8,0E-2","13,5E+0"
BJBR,Financials,"8,3E+12","4,8E+0","9,0E+0","7,2E+0"
BJTM,Financials,"8,1E+12","9,5E+0","6,1E+0","20,0E+0"
BKDP,Properties & Real Estate,"30,1E+10","-11,5E+0","1,3E+0","-1,3E+2"
BKSL,Properties & Real Estate,"25,7E+12","41,0E-2","40,0E-2","7,4E+0"
BKSW,Financials,"2,3E+12","5,0E-2","1,7E+0","42,0E-2"
BLES,Basic Materials,"1,4E+12","7,7E+0","89,0E-2","7,8E+0"
BLOG,Transportation & Logistic,"1,5E+12","22,7E+0","72,0E-2","13,9E+0"
BLTA,Transportation & Logistic,"83,0E+10","3,9E+0","1,1E+0","7,1E+0"
BLTZ,Consumer Cyclicals,"2,6E+12","-13,0E+0","3,4E+0","-5,9E+0"
BLUE,Industrials,"1,3E+12","13,9E+0","9,0E-2","13,0E+0"
BMAS,Financials,"12,3E+12","-4,2E+0","2,4E+0","-23,6E+0"
BMBL,Consumer Cyclicals,"7,8E+10","-13,0E+0","8,0E-2","-1,1E+2"
BMHS,Healthcare,"1,7E+12","58,0E-2","69,0E-2","1,1E+0"
BMRI,Financials,"4,5E+14","16,4E+0","6,3E+0","35,2E+0"
BMSR,Basic Materials,"33,8E+10","-9,8E+0","91,0E-2","-3,1E+0"
BMTR,Industrials,"2,3E+12","1,8E+0","22,0E-2","7,1E+0"
BNBA,Financials,"2,2E+12","61,0E-2","1,6E+0","4,8E+0"
BNBR,Industrials,"9,9E+12","-7,2E+0","73,0E-2","-11,2E+0"
BNGA,Financials,"44,2E+12","12,4E+0","5,6E+0","33,0E+0"
BNII,Financials,"15,4E+12","4,8E+0","5,1E+0","15,1E+0"
BNLI,Financials,"1,7E+14","8,1E+0","5,0E+0","24,9E+0"
BOAT,Energy,"44,8E+10","7,3E+0","42,0E-2","14,3E+0"
BOBA,Consumer Non-Cyclicals,"22,7E+10","12,2E+0","10,0E-2","15,5E+0"
BOGA,Consumer Cyclicals,"4,0E+12","-5,9E+0","74,0E-2","-9,1E+0"
BOLA,Consumer Cyclicals,"1,0E+12","11,3E+0","17,0E-2","42,1E+0"
BOLT,Consumer Cyclicals,"2,5E+12","14,3E+0","56,0E-2","10,8E+0"
BOSS,Energy,"7,0E+10",,"-4,8E+0","-1,3E+2"
BPFI,Financials,"87,7E+10","6,8E+0","1,0E+0","33,4E+0"
BPII,Financials,"5,4E+12","7,2E+0","1,9E+0","15,1E+0"
BPTR,Transportation & Logistic,"31,8E+10","3,2E+0","2,7E+0","4,2E+0"
BRAM,Consumer Cyclicals,"2,2E+12","0,0E+0","21,0E-2","0,0E+0"
BREN,Infrastructures,"12,8E+14","17,0E+0","3,4E+0","32,1E+0"
BRIS,Financials,"1,1E+14","15,0E+0","1,8E+0","52,3E+0"
BRMS,Basic Materials,"1,4E+14","4,6E+0","18,0E-2","25,8E+0"
BRNA,Basic Materials,"70,0E+10","1,5E+0","1,2E+0","2,0E+0"
BRPT,Basic Materials,"3,4E+14","9,6E+0","1,5E+0","11,0E+0"
BRRC,Consumer Non-Cyclicals,"13,6E+10","2,0E+0","41,0E-2","1,9E+0"
BSBK,Properties & Real Estate,"1,7E+12","15,9E+0","34,0E-2","1,2E+2"
BSDE,Properties & Real Estate,"19,9E+12","5,9E+0","51,0E-2","34,5E+0"
BSIM,Financials,"17,1E+12","3,4E+0","4,2E+0","12,5E+0"
BSML,Energy,"42,2E+10","2,8E+0","54,0E-2","6,1E+0"
BSSR,Energy,"10,2E+12","28,8E+0","30,0E-2","17,1E+0"
BSWD,Financials,"3,0E+12","1,1E+0","1,0E+0","11,3E+0"
BTEK,Consumer Non-Cyclicals,"74,0E+10","-1,9E+2","8,9E+0","-12,1E+2"
BTEL,Infrastructures,"1,8E+12",,"-1,0E+0","-51,6E+0"
BTON,Basic Materials,"27,6E+10","11,3E+0","50,0E-2","38,1E+0"
BTPN,Financials,"22,2E+12","4,1E+0","3,1E+0","11,4E+0"
BTPS,Financials,"10,0E+12","12,4E+0","28,0E-2","34,8E+0"
BUAH,Consumer Non-Cyclicals,"1,4E+12","27,9E+0","1,4E+0","2,6E+0"
BUDI,Consumer Non-Cyclicals,"1,0E+12","5,2E+0","1,4E+0","4,1E+0"
BUKA,Technology,"17,4E+12","7,7E+0","3,0E-2","41,4E+0"
BUKK,Infrastructures,"5,1E+12","7,8E+0","2,2E+0","30,3E+0"
BULL,Energy,"4,7E+12","7,8E+0","86,0E-2","13,7E+0"
BUMI,Energy,"90,6E+12","-60,0E-2","41,0E-2","-1,6E+0"
BUVA,Consumer Cyclicals,"33,8E+12","7,1E+0","40,0E-2","35,6E+0"
BVIC,Financials,"2,1E+12","3,8E+0","6,9E+0","9,6E+0"
BWPT,Consumer Non-Cyclicals,"5,3E+12","12,9E+0","2,5E+0","8,4E+0"
BYAN,Energy,"5,9E+14","34,9E+0","25,0E-2","34,9E+0"
CAKK,Industrials,"21,3E+10","-25,0E+0","2,1E+0","-16,2E+0"
CAMP,Consumer Non-Cyclicals,"1,3E+12","8,7E+0","15,0E-2","9,9E+0"
CANI,Energy,"4,2E+10",,"-1,3E+0","-3,0E+2"
CARE,Healthcare,"12,5E+12","-28,0E-2","39,0E-2","-3,7E+0"
CARS,Consumer Cyclicals,"1,9E+12","16,8E+0","1,4E+0","6,0E+0"
CASA,Financials,"81,7E+12","1,1E+0","2,2E+0","2,8E+0"
CASH,Technology,"15,0E+10","-37,4E+0","1,3E+0","-64,9E+0"
CASS,Infrastructures,"6,0E+12","22,8E+0","41,0E-2","19,9E+0"
CBDK,Properties & Real Estate,"44,4E+12","12,9E+0","84,0E-2","67,0E+0"
CBMF,Consumer Cyclicals,"9,4E+10","-5,8E+0","50,0E-2","-4,5E+2"
CBPE,Properties & Real Estate,"46,7E+10","14,5E+0","16,0E-2","75,5E+0"
CBRE,Energy,"4,8E+12","-82,0E+0","3,2E+0","-2,7E+2"
CBUT,Consumer Non-Cyclicals,"4,3E+12","9,4E+0","2,6E+0","97,0E-2"
CCSI,Industrials,"45,1E+10","76,0E-2","40,0E-2","1,8E+0"
CDIA,Infrastructures,"2,4E+14","7,7E+0","39,0E-2","84,0E+0"
CEKA,Consumer Non-Cyclicals,"1,5E+12","13,5E+0","27,0E-2","3,8E+0"
CENT,Infrastructures,"4,9E+12","-82,3E+0","8,2E+0","-1,3E+2"
CFIN,Financials,"1,3E+12","3,3E+0","71,0E-2","19,1E+0"
CGAS,Energy,"30,8E+10","3,5E+0","45,0E-2","2,2E+0"
CHEK,Healthcare,"76,1E+10","9,5E+0","20,0E-2","15,2E+0"
CHEM,Basic Materials,"18,5E+10","29,0E-2","60,0E-2","21,0E-2"
CHIP,Technology,"1,1E+12","6,6E+0","82,0E-2","4,8E+0"
CINT,Consumer Cyclicals,"21,2E+10","6,3E+0","55,0E-2","5,9E+0"
CITA,Basic Materials,"16,4E+12","35,4E+0","4,0E-2","1,4E+2"
CITY,Properties & Real Estate,"97,3E+10","1,9E+0","21,0E-2","15,9E+0"
CLAY,Consumer Cyclicals,"6,9E+12","-70,9E+0","54,6E+0","-6,8E+0"
CLEO,Consumer Non-Cyclicals,"12,1E+12","19,7E+0","34,0E-2","21,0E+0"
CLPI,Basic Materials,"46,7E+10","11,3E+0","42,0E-2","9,2E+0"
CMNP,Infrastructures,"9,0E+12","5,6E+0","57,0E-2","25,6E+0"
CMNT,Basic Materials,"13,3E+12","-24,8E+0","4,8E+0","-11,3E+0"
CMPP,Transportation & Logistic,"94,0E+10",,"-1,5E+0","-31,8E+0"
CMRY,Consumer Non-Cyclicals,"49,2E+12","27,4E+0","25,0E-2","25,0E+0"
CNKO,Energy,"58,2E+10",,"-1,9E+0","12,5E+0"
CNMA,Consumer Cyclicals,"9,8E+12","14,3E+0","51,0E-2","15,0E+0"
CNTB,No Sector,"3,3E+10",,"-1,8E+0","-71,4E+0"
CNTX,Consumer Cyclicals,"99,4E+8",,"-1,8E+0","-71,4E+0"
COAL,Energy,"51,9E+10","5,5E+0","1,2E+0","9,0E+0"
COCO,Consumer Non-Cyclicals,"1,4E+12",,"-85,0E+0","-1,0E+2"
COIN,Financials,"52,5E+12","6,0E+0","3,0E-2","44,8E+0"
COWL,Properties & Real Estate,"24,4E+10",,"-1,3E+2","-2,1E+2"
CPIN,Consumer Non-Cyclicals,"75,9E+12","14,7E+0","37,0E-2","9,3E+0"
CPRI,Properties & Real Estate,"12,2E+10","-2,0E+0","14,0E-2","-1,3E+2"
CPRO,Consumer Non-Cyclicals,"3,9E+12","10,1E+0","78,0E-2","5,5E+0"
CRAB,Consumer Non-Cyclicals,"54,6E+10","12,9E+0","45,0E-2","6,5E+0"
CRSN,Industrials,"39,0E+10","6,7E+0","64,0E-2","4,4E+0"
CSAP,Consumer Cyclicals,"1,9E+12","3,3E+0","2,2E+0","94,0E-2"
CSIS,Properties & Real Estate,"55,2E+10","2,4E+0","48,0E-2","12,0E+0"
CSMI,Consumer Cyclicals,"20,9E+10","-76,8E+0","10,4E+0","-2,4E+2"
CSRA,Consumer Non-Cyclicals,"1,8E+12","20,2E+0","69,0E-2","22,7E+0"
CTBN,Basic Materials,"6,1E+12","24,2E+0","43,0E-2","13,7E+0"
CTRA,Properties & Real Estate,"16,1E+12","9,6E+0","79,0E-2","29,5E+0"
CTTH,Industrials,"12,4E+10","-16,9E+0","3,0E+0","-33,9E+0"
CUAN,Energy,"3,0E+14","24,1E+0","3,0E+0","18,1E+0"
CYBR,Technology,"9,7E+12","29,1E+0","67,0E-2","18,3E+0"
DAAZ,Basic Materials,"4,5E+12","16,2E+0","1,9E+0","3,5E+0"
DADA,Properties & Real Estate,"37,2E+10","51,0E-2","82,0E-2","19,8E+0"
DART,Properties & Real Estate,"56,2E+10","-21,7E+0","3,9E+0","-73,1E+0"
DATA,Infrastructures,"5,6E+12","30,8E+0","1,3E+0","34,7E+0"
DAYA,Consumer Non-Cyclicals,"3,8E+12","62,3E+0","8,1E+0","3,6E+0"
DCII,Technology,"5,6E+14","30,6E+0","49,0E-2","61,0E+0"
DEAL,Transportation & Logistic,"68,8E+8",,"-3,6E+0","-53,8E+0"
DEFI,Financials,"11,8E+10","-9,4E+0","8,0E-2","-62,2E+0"
DEPO,Consumer Cyclicals,"1,8E+12","6,7E+0","72,0E-2","4,2E+0"
DEWA,Energy,"17,6E+12","3,5E+0","1,1E+0","5,5E+0"
DEWI,Consumer Non-Cyclicals,"30,6E+10","4,2E+0","16,0E-2","14,3E+0"
DFAM,Consumer Cyclicals,"15,8E+10","-88,0E+0","13,9E+0","-30,7E+0"
DGIK,Infrastructures,"66,5E+10","8,5E+0","1,0E+0","9,7E+0"
DGNS,Healthcare,"21,3E+10","-1,2E+0","58,0E-2","-2,0E+0"
DGWG,Basic Materials,"2,3E+12","18,5E+0","2,4E+0","7,1E+0"
DIGI,Consumer Cyclicals,"5,7E+10",,"-2,7E+0","2,2E+0"
DILD,Properties & Real Estate,"1,4E+12","-1,4E+0","1,0E+0","-5,4E+0"
DIVA,Technology,"24,7E+10","22,0E-2","7,0E-2","6,0E-2"
DKFT,Basic Materials,"4,0E+12","42,0E+0","1,4E+0","41,7E+0"
DKHH,Healthcare,"21,4E+10",,"67,0E-2",
DLTA,Consumer Non-Cyclicals,"1,6E+12","18,2E+0","37,0E-2","29,3E+0"
DMAS,Properties & Real Estate,"6,3E+12","11,6E+0","6,0E-2","94,4E+0"
DMMX,Technology,"2,9E+12","3,6E+0","30,0E-2","4,8E+0"
DMND,Consumer Non-Cyclicals,"6,0E+12","6,3E+0","26,0E-2","5,0E+0"
DNAR,Financials,"3,5E+12","3,7E+0","2,5E+0","15,8E+0"
DNET,Financials,"1,3E+14","7,8E+0","49,0E-2","95,4E+0"
DOID,Energy,"2,5E+12","-1,2E+2","14,9E+0","-10,6E+0"
DOOH,Consumer Cyclicals,"1,7E+12","1,2E+0","36,0E-2","3,6E+0"
DOSS,Consumer Cyclicals,"31,2E+10","15,0E+0","54,0E-2","4,5E+0"
DPNS,Basic Materials,"10,3E+10","2,5E+0","2,0E-2","87,9E+0"
DPUM,Consumer Non-Cyclicals,"36,7E+10","-9,4E+0","2,0E+0","-4,3E+0"
DRMA,Consumer Cyclicals,"4,9E+12","21,9E+0","54,0E-2","13,4E+0"
DSFI,Consumer Non-Cyclicals,"16,0E+10","5,4E+0","68,0E-2","3,1E+0"
DSNG,Consumer Non-Cyclicals,"18,0E+12","14,6E+0","57,0E-2","17,9E+0"
DSSA,Energy,"8,5E+14","11,8E+0","94,0E-2","12,6E+0"
DUCK,Consumer Cyclicals,"22,6E+10","4,5E+0","46,0E-2","22,9E+0"
DUTI,Properties & Real Estate,"8,2E+12","2,6E+0","20,0E-2","20,1E+0"
DVLA,Healthcare,"1,9E+12","11,3E+0","56,0E-2","10,6E+0"
DWGL,Energy,"3,1E+12","40,2E+0","3,3E+0","6,6E+0"
DYAN,Industrials,"37,6E+10","7,1E+0","66,0E-2","5,5E+0"
EAST,Consumer Cyclicals,"38,4E+10","6,9E+0","5,0E-2","48,4E+0"
ECII,Consumer Cyclicals,"24,7E+10","-2,2E+0","43,0E-2","-1,5E+0"
EDGE,Technology,"9,2E+12","7,7E+0","1,2E+0","23,1E+0"
EKAD,Basic Materials,"66,4E+10","2,6E+0","8,0E-2","8,0E+0"
ELIT,Technology,"36,6E+10","19,8E+0","1,1E+0","8,4E+0"
ELPI,Transportation & Logistic,"5,2E+12","11,8E+0","23,0E-2","34,5E+0"
ELSA,Energy,"3,7E+12","13,4E+0","97,0E-2","6,6E+0"
ELTY,Properties & Real Estate,"95,7E+10","9,0E-2","46,0E-2","50,0E-2"
EMAS,Basic Materials,"60,4E+12","-6,9E+0","84,0E-2","-2,4E+4"
EMDE,Properties & Real Estate,"32,5E+10","3,3E+0","56,0E-2","58,3E+0"
EMTK,Technology,"75,2E+12","13,7E+0","12,0E-2","54,2E+0"
ENAK,Consumer Cyclicals,"1,5E+12","-15,9E+0","3,4E+0","-3,6E+0"
ENRG,Energy,"26,0E+12","11,2E+0","1,3E+0","22,7E+0"
ENVY,Technology,"9,0E+10",,"-1,3E+0","-16,9E+2"
ENZO,Consumer Non-Cyclicals,"9,3E+10","-6,5E+0","1,6E+0","-3,4E+0"
EPAC,Basic Materials,"10,2E+10","-16,1E+0","2,8E+0","-9,0E+0"
EPMT,Consumer Non-Cyclicals,"6,3E+12","9,9E+0","59,0E-2","3,1E+0"
ERAA,Consumer Cyclicals,"6,6E+12","10,7E+0","2,0E+0","2,0E+0"
ERAL,Consumer Cyclicals,"1,5E+12","9,9E+0","73,0E-2","3,9E+0"
ERTX,Consumer Cyclicals,"21,9E+10","9,2E+0","1,7E+0","3,0E+0"
ESIP,Basic Materials,"12,5E+10","1,4E+0","4,0E-2","3,1E+0"
ESSA,Basic Materials,"10,7E+12","6,2E+0","10,0E-2","17,3E+0"
ESTA,Consumer Cyclicals,"55,8E+10","-2,8E+0","89,0E-2","-14,9E+0"
ESTI,Consumer Cyclicals,"38,1E+10","6,1E+0","1,8E+0","5,2E+0"
ETWA,Energy,"32,7E+10",,"-3,1E+0","-2,1E+0"
EURO,Consumer Non-Cyclicals,"74,9E+10","2,9E+0","12,0E-2","16,1E+0"
EXCL,Infrastructures,"52,6E+12","-6,6E+0","2,4E+0","-6,9E+0"
FAPA,Consumer Non-Cyclicals,"22,6E+12","28,6E+0","1,8E+0","18,6E+0"
FAST,Consumer Cyclicals,"2,4E+12","-29,5E+2","2,5E+2","-13,5E+0"
FASW,Basic Materials,"17,0E+12","-17,0E+0","1,1E+0","-17,4E+0"
FILM,Consumer Cyclicals,"86,3E+12","-4,0E+0","13,0E-2","-33,4E+0"
FIMP,Infrastructures,"2,8E+10","8,7E+0","16,0E-2","66,9E+0"
FIRE,Energy,"13,7E+10","-3,4E+0","47,0E-2","-3,4E+0"
FISH,Consumer Non-Cyclicals,"6,5E+12","6,5E+0","1,5E+0","1,3E+0"
FITT,Consumer Cyclicals,"84,1E+10","-9,0E+0","37,0E-2","-1,0E+2"
FLMC,Consumer Non-Cyclicals,"14,8E+10","-1,2E+2","95,0E-2","-4,4E+2"
FMII,Properties & Real Estate,"2,1E+12","3,4E+0","10,0E-2","73,0E+0"
FOLK,Industrials,"1,1E+12","-20,9E+0","14,0E-2","-1,1E+2"
FOOD,Consumer Non-Cyclicals,"18,6E+10",,"-3,6E+0","-26,6E+0"
FORE,Consumer Non-Cyclicals,"4,5E+12","11,7E+0","62,0E-2","7,3E+0"
FORU,Consumer Cyclicals,"47,7E+10","-5,7E+0","24,0E-2","-4,6E+0"
FPNI,Basic Materials,"5,1E+12","17,0E-2","57,0E-2","8,0E-2"
FREN,Infrastructures,,,,
FUJI,Financials,"1,1E+12","7,1E+0","5,0E-2","1,1E+2"
FUTR,Consumer Cyclicals,"4,5E+12","3,5E+0","9,0E-2","22,9E+0"
FWCT,Energy,"28,3E+10","18,8E+0","95,0E-2","6,3E+0"
GAMA,Properties & Real Estate,"18,0E+10","-3,3E+0","31,0E-2","-3,0E+2"
GDST,Basic Materials,"1,1E+12","7,2E+0","1,1E+0","5,7E+0"
GDYR,Consumer Cyclicals,"45,3E+10","7,5E+0","84,0E-2","3,8E+0"
GEMA,Consumer Cyclicals,"14,6E+10","4,4E+0","1,7E+0","1,8E+0"
GEMS,Energy,"52,5E+12","45,8E+0","73,0E-2","17,1E+0"
GGRM,Consumer Non-Cyclicals,"28,7E+12","1,8E+0","23,0E-2","1,6E+0"
GGRP,Basic Materials,"3,0E+12","-5,4E+0","10,0E-2","-26,8E+0"
GHON,Infrastructures,"93,8E+10","10,7E+0","73,0E-2","53,5E+0"
GIAA,Transportation & Logistic,"9,4E+12",,"-5,4E+0","-5,6E+0"
GJTL,Consumer Cyclicals,"3,7E+12","9,8E+0","1,2E+0","7,5E+0"
GLOB,Consumer Cyclicals,"17,2E+10",,"-1,0E+0","-2,3E+2"
GLVA,Technology,"60,3E+10","10,7E+0","1,4E+0","3,6E+0"
GMFI,Infrastructures,"3,2E+12",,"-3,2E+0","11,2E+0"
GMTD,Properties & Real Estate,"2,4E+12","2,8E+0","59,0E-2","17,5E+0"
GOLD,Infrastructures,"37,6E+10","4,3E+0","11,0E-2","42,9E+0"
GOLF,Consumer Cyclicals,"3,9E+12","89,0E-2","9,0E-2","64,8E+0"
GOLL,Consumer Non-Cyclicals,"18,3E+10","-21,3E+0","5,0E+0","-4,5E+2"
GOOD,Consumer Non-Cyclicals,"13,7E+12","14,6E+0","1,1E+0","6,4E+0"
GOTO,Technology,"73,0E+12","-5,6E+0","45,0E-2","-12,2E+0"
GOTOM,Technology,"3,4E+12","-5,6E+0","45,0E-2","-12,2E+0"
GPRA,Properties & Real Estate,"57,7E+10","8,3E+0","37,0E-2","33,6E+0"
GPSO,Industrials,"44,7E+10","-15,5E+0","23,0E-2","-2,1E+2"
GRIA,Properties & Real Estate,"68,6E+10","1,7E+0","18,0E-2","13,3E+0"
GRPH,Consumer Cyclicals,"6,5E+10","4,2E+0","31,0E-2","13,8E+0"
GRPM,Consumer Non-Cyclicals,"9,1E+10","3,2E+0","83,0E-2","53,0E-2"
GSMF,Financials,"1,6E+12","1,5E+0","1,3E+0","5,1E+0"
GTBO,Energy,"52,0E+10","-9,6E+0","18,0E-2","-43,4E+0"
GTRA,Transportation & Logistic,"61,4E+10","15,5E+0","2,0E+0","12,4E+0"
GTSI,Energy,"2,2E+12","8,2E+0","87,0E-2","21,2E+0"
GULA,Consumer Non-Cyclicals,"34,3E+10","-4,7E+0","53,0E-2","-7,1E+0"
GUNA,Consumer Non-Cyclicals,"70,0E+10","10,1E+0","54,0E-2","5,8E+0"
GWSA,Properties & Real Estate,"1,2E+12","98,0E-2","6,0E-2","1,5E+2"
GZCO,Consumer Non-Cyclicals,"1,9E+12","7,7E+0","79,0E-2","15,7E+0"
HADE,Infrastructures,"4,9E+10","-33,6E+0","15,0E-2","-94,6E+0"
HAIS,Transportation & Logistic,"62,5E+10","12,2E+0","78,0E-2","15,2E+0"
HAJJ,Consumer Cyclicals,"29,9E+10","8,9E+0","2,0E+0","2,8E+0"
HALO,Healthcare,"60,8E+10","-3,5E+0","41,0E-2","-3,7E+0"
HATM,Transportation & Logistic,"3,3E+12","8,5E+0","17,0E-2","17,6E+0"
HBAT,Properties & Real Estate,"29,1E+10","7,9E+0","2,0E-2","51,4E+0"
HDFA,Financials,"1,0E+12","-10,0E+0","5,4E+0","-19,1E+0"
HDIT,Technology,"11,1E+10","-8,9E+0","24,0E-2","-1,2E+2"
HEAL,Healthcare,"21,5E+12","5,9E+0","66,0E-2","8,0E+0"
HELI,Transportation & Logistic,"19,3E+10","24,9E+0","1,5E+0","16,5E+0"
HERO,Consumer Non-Cyclicals,"2,0E+12","-7,6E+0","1,9E+0","-3,4E+0"
HEXA,Industrials,"3,8E+12","20,7E+0","1,8E+0","12,7E+0"
HGII,Infrastructures,"1,0E+12","3,1E+0","28,0E-2","50,1E+0"
HILL,Energy,"2,3E+12","-7,0E+0","3,1E+0","-4,0E+0"
HITS,Energy,"82,4E+10","-3,6E+0","1,8E+0","-4,3E+0"
HKMU,Basic Materials,"16,1E+10",,"-6,7E+0","-67,1E+2"
HMSP,Consumer Non-Cyclicals,"95,4E+12","22,6E+0","82,0E-2","7,1E+0"
HOKI,Consumer Non-Cyclicals,"75,5E+10","-3,7E+0","65,0E-2","-2,9E+0"
HOME,Consumer Cyclicals,"1,1E+12","-1,7E+0","16,0E-2","-3,4E+2"
HOMI,Properties & Real Estate,"76,2E+10","-2,0E+0","47,0E-2","-10,0E+0"
HOPE,Industrials,"31,5E+10","-37,1E+0","1,0E+0","-1,2E+2"
HOTL,Consumer Cyclicals,"17,8E+10","19,1E+0","21,0E-2","33,0E+2"
HRME,Consumer Cyclicals,"22,0E+10","-6,3E+0","51,0E-2","-46,6E+0"
HRTA,Consumer Cyclicals,"6,9E+12","25,3E+0","1,9E+0","2,8E+0"
HRUM,Energy,"13,6E+12","1,4E+0","80,0E-2","2,6E+0"
HUMI,Energy,"2,7E+12","6,2E+0","83,0E-2","11,4E+0"
HYGN,Industrials,"40,9E+10","11,7E+0","36,0E-2","7,2E+0"
IATA,Transportation & Logistic,"3,5E+12","1,6E+0","76,0E-2","3,4E+0"
IBFN,Financials,"17,4E+10",,"-1,7E+0","-37,6E+0"
IBOS,Consumer Non-Cyclicals,"54,0E+10","-19,0E-2","9,0E-2","-2,6E+0"
IBST,Infrastructures,"7,0E+12","16,2E+0","74,0E-2","62,7E+0"
ICBP,Consumer Non-Cyclicals,"98,5E+12","8,5E+0","86,0E-2","10,7E+0"
ICON,Industrials,"8,2E+10","-2,2E+0","66,0E-2","-2,8E+0"
IDEA,Consumer Cyclicals,"9,0E+10","3,1E+0","21,0E-2","15,2E+0"
IDPR,Infrastructures,"57,3E+10","3,5E+0","1,4E+0","2,7E+0"
IFII,Basic Materials,"2,1E+12","15,8E+0","27,0E-2","21,1E+0"
IFSH,Basic Materials,"1,7E+12","7,4E+0","19,0E-2","9,3E+0"
IGAR,Basic Materials,"54,7E+10","6,3E+0","12,0E-2","7,8E+0"
IIKP,Consumer Cyclicals,"1,7E+12","-9,2E+0","14,0E-2","-1,6E+2"
IKAI,Consumer Cyclicals,"17,3E+10","-10,7E+0","66,0E-2","-73,3E+0"
IKAN,Consumer Non-Cyclicals,"9,4E+10","1,1E+0","72,0E-2","84,0E-2"
IKBI,Industrials,"67,3E+10","10,3E+0","37,0E-2","7,2E+0"
IKPM,Healthcare,"40,1E+10","-13,0E+0","1,1E+0","-10,8E+0"
IMAS,Consumer Cyclicals,"4,6E+12","2,6E+0","3,6E+0","1,8E+0"
IMJS,Financials,"2,3E+12","4,9E+0","5,8E+0","5,3E+0"
IMPC,Industrials,"1,7E+14","19,5E+0","62,0E-2","20,1E+0"
INAF,Healthcare,"39,1E+10",,"-1,7E+0","-2,2E+2"
INAI,Basic Materials,"9,6E+10","-70,3E+0","7,7E+0","-16,0E+0"
INCF,BASIC INDUSTRY AND CHEMICALS,"7,5E+10","-56,0E-2","1,8E+0","-79,0E-2"
INCI,Basic Materials,"13,2E+10","6,0E+0","16,0E-2","10,3E+0"
INCO,Basic Materials,"40,3E+12","2,3E+0","18,0E-2","8,8E+0"
INDF,Consumer Non-Cyclicals,"64,5E+12","6,7E+0","85,0E-2","8,5E+0"
INDO,Properties & Real Estate,"1,3E+12","2,6E+0","1,0E-2","1,3E+2"
INDR,Consumer Cyclicals,"1,9E+12","-4,4E+0","93,0E-2","-3,1E+0"
INDS,Consumer Cyclicals,"1,5E+12","2,0E+0","25,0E-2","2,8E+0"
INDX,Industrials,"7,2E+10","-37,4E+0","1,0E+0","-45,0E+2"
INDY,Energy,"9,1E+12","-1,6E+0","1,2E+0","-1,5E+0"
INET,Infrastructures,"6,2E+12","5,1E+0","26,0E-2","27,1E+0"
INKP,Basic Materials,"48,0E+12","4,7E+0","88,0E-2","19,5E+0"
INOV,Consumer Cyclicals,"24,2E+10","16,3E+0","1,9E+0","10,3E+0"
INPC,Financials,"3,1E+12","1,8E+0","6,5E+0","6,4E+0"
INPP,Properties & Real Estate,"7,5E+12","6,7E+0","51,0E-2","34,0E+0"
INPS,Energy,"11,2E+10",,"-9,5E+0","-11,0E+0"
INRU,Basic Materials,"96,5E+10","-40,1E+0","5,0E+0","-51,9E+0"
INTA,Industrials,"24,7E+10",,"-2,1E+0","-9,1E+0"
INTD,Basic Materials,"13,1E+10","-5,1E+0","6,0E-2","-7,2E+0"
INTP,Basic Materials,"23,1E+12","9,1E+0","36,0E-2","15,6E+0"
IOTF,Technology,"47,1E+10","35,0E-2","16,0E-2","1,2E+0"
IPAC,Properties & Real Estate,"19,4E+10","2,7E+0","35,0E-2","2,6E+0"
IPCC,Infrastructures,"2,5E+12","19,0E+0","44,0E-2","38,5E+0"
IPCM,Infrastructures,"1,8E+12","14,1E+0","29,0E-2","17,1E+0"
IPOL,Basic Materials,"79,9E+10","58,0E-2","1,1E+0","59,0E-2"
IPPE,Consumer Non-Cyclicals,"6,4E+10","64,0E-2","5,0E-2","9,0E+0"
IPTV,Consumer Cyclicals,"1,7E+12","-2,6E+0","14,0E-2","-15,2E+0"
IRRA,Healthcare,"70,1E+10","14,0E+0","3,9E+0","7,7E+0"
IRSX,Technology,"2,7E+12","-2,1E+0","2,0E-2","-3,4E+0"
ISAP,Consumer Cyclicals,"12,5E+10","-99,0E-2","4,0E-2","-27,9E+0"
ISAT,Infrastructures,"77,1E+12","12,3E+0","2,0E+0","11,2E+0"
ISEA,Consumer Non-Cyclicals,"13,3E+10","1,2E+0","1,4E+0","62,0E-2"
ISSP,Basic Materials,"3,1E+12","10,2E+0","58,0E-2","13,0E+0"
ITIC,Consumer Non-Cyclicals,"40,8E+10","4,7E+0","41,0E-2","9,2E+0"
ITMA,Energy,"1,6E+12","57,0E-2","20,0E-2","1,3E+2"
ITMG,Energy,"24,9E+12","12,9E+0","25,0E-2","17,9E+0"
JARR,Consumer Non-Cyclicals,"30,4E+12","17,6E+0","1,1E+0","10,7E+0"
JAST,Infrastructures,"11,0E+10","-2,9E+0","91,0E-2","-1,8E+0"
JATI,Technology,"46,3E+10","10,6E+0","1,1E+0","4,4E+0"
JAWA,Consumer Non-Cyclicals,"3,2E+12","1,7E+0","1,8E+0","1,8E+0"
JAYA,Transportation & Logistic,"8,6E+10","1,9E+0","1,2E+0","4,5E+0"
JECC,Industrials,"87,3E+10","13,4E+0","1,8E+0","4,1E+0"
JGLE,Consumer Cyclicals,"45,2E+10","-52,0E-2","39,0E-2","-5,5E+0"
JIHD,Consumer Cyclicals,"1,4E+12","2,2E+0","37,0E-2","9,3E+0"
JKON,Infrastructures,"1,4E+12","3,7E+0","34,0E-2","5,1E+0"
JMAS,Financials,"15,3E+10","3,8E+0","2,6E+0","8,0E+0"
JPFA,Consumer Non-Cyclicals,"28,6E+12","18,3E+0","1,0E+0","7,7E+0"
JRPT,Properties & Real Estate,"13,1E+12","11,7E+0","36,0E-2","55,1E+0"
JSKY,Energy,"10,6E+10",,"-19,1E+0","-1,5E+2"
JSMR,Infrastructures,"25,2E+12","6,5E+0","1,5E+0","18,8E+0"
JSPT,Consumer Cyclicals,"8,1E+12","8,3E+0","1,1E+0","14,3E+0"
JTPE,Industrials,"2,8E+12","20,6E+0","67,0E-2","21,5E+0"
KAEF,Healthcare,"3,0E+12","-18,8E+0","3,7E+0","-8,6E+0"
KAQI,Consumer Cyclicals,"14,5E+10","7,1E+0","16,0E-2","15,7E+0"
KARW,Infrastructures,"23,5E+10",,"-1,5E+0","-7,3E+0"
KAYU,Basic Materials,"1,2E+10","99,0E-2","22,0E-2","12,0E+0"
KBAG,Properties & Real Estate,"30,0E+10","-6,2E+0","17,0E-2","-2,0E+2"
KBLI,Industrials,"1,3E+12","7,7E+0","11,0E-2","8,2E+0"
KBLM,Industrials,"39,4E+10","3,2E+0","21,0E-2","3,6E+0"
KBLV,Infrastructures,"37,6E+10","38,0E-2","14,0E-2","27,3E+2"
KBRI,Basic Materials,"43,4E+10","-25,2E+0","6,5E+0","-89,5E+2"
KDSI,Basic Materials,"74,8E+10","4,4E+0","56,0E-2","2,2E+0"
KDTN,Consumer Cyclicals,"44,5E+10","2,0E+0","19,0E-2","5,7E+0"
KEEN,Infrastructures,"4,4E+12","2,2E+0","78,0E-2","16,8E+0"
KEJU,Consumer Non-Cyclicals,"4,0E+12","22,3E+0","41,0E-2","16,7E+0"
KETR,No Sector,"1,7E+12","11,7E+0","96,0E-2","22,5E+0"
KIAS,Industrials,"31,4E+10","-1,6E+0","23,0E-2","-2,8E+0"
KICI,Consumer Cyclicals,"6,7E+10","-9,7E+0","1,0E+0","-16,4E+0"
KIJA,Properties & Real Estate,"3,7E+12","1,9E+0","87,0E-2","4,1E+0"
KING,Industrials,"54,1E+10","5,5E+0","39,0E-2","8,7E+0"
KINO,Consumer Non-Cyclicals,"1,8E+12","8,1E+0","1,6E+0","4,3E+0"
KIOS,Technology,"8,3E+10","-3,6E+0","11,0E-2","-60,6E+0"
KJEN,Transportation & Logistic,"12,0E+10","10,0E-2","7,0E-2","2,2E+0"
KKES,Basic Materials,"4,8E+10","-10,0E+0","1,1E+0","-4,2E+0"
KKGI,Energy,"1,6E+12","3,5E+0","18,0E-2","5,0E+0"
KLAS,Transportation & Logistic,"47,4E+10","18,4E+0","75,0E-2","32,0E+0"
KLBF,Healthcare,"56,2E+12","14,1E+0","21,0E-2","13,4E+0"
KLIN,Consumer Cyclicals,"22,4E+10","-8,2E+0","30,0E-2","-54,5E+0"
KMDS,Consumer Non-Cyclicals,"56,0E+10","24,4E+0","24,0E-2","19,0E+0"
KMTR,Basic Materials,"2,3E+12","12,0E+0","1,2E+0","2,7E+0"
KOBX,Industrials,"40,5E+10","-35,3E+0","5,5E+0","-14,6E+0"
KOCI,Properties & Real Estate,"39,7E+10","12,9E+0","10,0E-2","34,9E+0"
KOIN,Industrials,"7,0E+10",,"-9,9E+0","-70,0E-2"
KOKA,Infrastructures,"72,1E+10","-7,1E+0","20,0E-2","-1,2E+2"
KONI,Industrials,"68,6E+10","10,3E+0","10,0E-2","8,3E+0"
KOPI,Energy,"20,9E+10","-28,6E+0","2,9E+0","-11,1E+0"
KOTA,Properties & Real Estate,"38,0E+10","-2,0E+0","40,0E-2","-80,1E+0"
KPIG,Consumer Cyclicals,"13,2E+12","2,5E+0","26,0E-2","34,4E+0"
KRAS,Basic Materials,"7,5E+12","8,2E+0","4,8E+0","5,7E+0"
KREN,Technology,"27,3E+10","-7,3E+0","44,0E-2","-3,9E+0"
KRYA,Infrastructures,"31,1E+10","-2,2E+2","3,0E+0","-89,1E+0"
KSIX,Properties & Real Estate,"92,4E+10","1,3E+0","1,0E-2","21,0E+0"
KUAS,Industrials,"9,6E+10","7,0E+0","73,0E-2","9,1E+0"
LABA,Industrials,"19,3E+10","20,0E-2","34,0E-2","74,0E-2"
LABS,Healthcare,"57,3E+10","6,2E+0","44,0E-2","6,9E+0"
LAJU,Transportation & Logistic,"14,4E+10","-1,4E+0","86,0E-2","-1,1E+0"
LAND,Properties & Real Estate,"9,5E+10","7,0E-2","67,0E-2","92,0E-2"
LAPD,Infrastructures,"82,5E+10","-43,8E+0","5,7E+0","-5,5E+0"
LCGP,Properties & Real Estate,"64,2E+10","2,0E-2","3,0E-2","19,5E+0"
LCKM,Infrastructures,"25,2E+10","1,7E+0","5,0E-2","7,2E+2"
LEAD,Energy,"43,5E+10","5,9E+0","1,3E+0","9,1E+0"
LFLO,Consumer Cyclicals,"1,0E+12","24,7E+0","1,2E+0","25,3E+0"
LIFE,Financials,"17,9E+12","3,5E+0","79,0E-2","13,5E+0"
LINK,Infrastructures,"9,8E+12","-35,5E+0","2,8E+0","-59,0E+0"
LION,Industrials,"22,8E+10","-3,8E+0","29,0E-2","-7,3E+0"
LIVE,Consumer Cyclicals,"88,2E+10","4,7E+0","58,0E-2","7,9E+0"
LMAS,Technology,"3,9E+10","1,6E+0","1,8E+0","6,4E+0"
LMAX,Consumer Cyclicals,"5,7E+10","1,0E+0","35,0E-2","1,6E+0"
LMPI,Consumer Cyclicals,"14,0E+10","-33,6E+0","4,6E+0","-11,0E+0"
LMSH,Basic Materials,"2,5E+10","-5,4E+0","22,0E-2","-7,4E+0"
LOPI,Transportation & Logistic,"15,1E+10","7,7E+0","43,0E-2","8,6E+0"
LPCK,Properties & Real Estate,"3,0E+12","3,8E+0","77,0E-2","7,5E+0"
LPGI,Financials,"2,4E+12","12,5E+0","2,0E+0","4,5E+0"
LPIN,Consumer Cyclicals,"19,2E+10","8,8E+0","7,0E-2","24,2E+0"
LPKR,Properties & Real Estate,"6,5E+12","1,3E+0","59,0E-2","6,1E+0"
LPLI,Properties & Real Estate,"52,7E+10","10,3E+0","0,0E+0","25,3E+2"
LPPF,Consumer Cyclicals,"3,8E+12","4,4E+2","23,8E+0","18,2E+0"
LPPS,Financials,"34,9E+10","13,3E+0","0,0E+0","7,0E+4"
LRNA,Transportation & Logistic,"6,3E+10","-5,7E+0","16,0E-2","-32,1E+0"
LSIP,Consumer Non-Cyclicals,"9,3E+12","14,4E+0","11,0E-2","48,6E+0"
LTLS,Basic Materials,"1,3E+12","4,8E+0","1,0E+0","2,5E+0"
LUCK,Technology,"8,2E+10","-5,5E+0","20,0E-2","-10,8E+0"
LUCY,Consumer Cyclicals,"26,8E+10","-27,0E+0","99,0E-2","-38,6E+0"
MABA,Consumer Cyclicals,"76,8E+10","-92,1E+0","6,8E+0","-5,8E+2"
MAGP,Consumer Non-Cyclicals,"45,0E+10","-83,7E+0","10,1E+0","-2,0E+2"
MAHA,Energy,"2,3E+12","-8,0E+0","55,0E-2","-6,9E+0"
MAIN,Consumer Non-Cyclicals,"1,6E+12","10,1E+0","1,0E+0","2,9E+0"
MANG,Infrastructures,"25,5E+10","-4,5E+0","25,0E-2","-19,4E+0"
MAPA,Consumer Cyclicals,"21,4E+12","17,1E+0","60,0E-2","10,1E+0"
MAPB,Consumer Cyclicals,"3,9E+12","-12,2E+0","94,0E-2","-7,5E+0"
MAPI,Consumer Cyclicals,"20,4E+12","11,4E+0","90,0E-2","6,1E+0"
MARI,Consumer Cyclicals,"16,8E+10",,"-5,5E+0",
MARK,Industrials,"3,2E+12","30,8E+0","12,0E-2","45,3E+0"
MASB,Financials,"4,4E+12","5,2E+0","7,2E+0","14,7E+0"
MAXI,Consumer Non-Cyclicals,"50,0E+10","-1,2E+0","97,0E-2","-1,7E+0"
MAYA,Financials,"6,5E+12","10,0E-2","8,1E+0","18,0E-2"
MBAP,Energy,"2,0E+12","2,4E+0","30,0E-2","3,7E+0"
MBMA,Basic Materials,"58,9E+12","34,0E-2","50,0E-2","1,3E+0"
MBSS,Energy,"2,5E+12","10,5E+0","10,0E-2","61,1E+0"
MBTO,Consumer Non-Cyclicals,"18,1E+10","-6,9E+0","87,0E-2","-8,2E+0"
MCAS,Technology,"63,4E+10","-3,1E+0","74,0E-2","-94,0E-2"
MCOL,Energy,"13,0E+12","9,5E+0","26,0E-2","11,2E+0"
MCOR,Financials,"2,9E+12","4,3E+0","3,8E+0","18,1E+0"
MDIA,Consumer Cyclicals,"1,2E+12","-1,1E+2","3,4E+0","-2,3E+2"
MDIY,Consumer Cyclicals,"26,7E+12","27,8E+0","80,0E-2","18,7E+0"
MDKA,Basic Materials,"55,8E+12","-2,1E+0","84,0E-2","-6,9E+0"
MDKI,Basic Materials,"51,1E+10","3,3E+0","7,0E-2","14,1E+0"
MDLA,Healthcare,"3,5E+12","12,7E+0","1,2E+0","3,4E+0"
MDLN,Properties & Real Estate,"73,9E+10","-2,0E+0","2,4E+0","-11,3E+0"
MDRN,Industrials,"28,2E+10",,"-1,7E+0","1,3E+2"
MEDC,Energy,"33,3E+12","8,1E+0","2,5E+0","11,0E+0"
MEDS,Healthcare,"14,5E+10","-17,2E+0","23,0E-2","-1,8E+2"
MEGA,Financials,"39,2E+12","12,0E+0","4,8E+0","31,8E+0"
MEJA,Consumer Cyclicals,"18,3E+10","1,3E+0","26,0E-2","3,6E+0"
MENN,Technology,"7,6E+10","-9,6E+0","0,0E+0","-5,2E+2"
MERI,Consumer Cyclicals,"20,9E+10","21,4E+0","27,0E-2","32,4E+0"
MERK,Healthcare,"1,4E+12","21,4E+0","19,0E-2","21,9E+0"
META,Infrastructures,"4,2E+12","7,1E+0","13,0E-2","1,4E+2"
MFMI,Industrials,"98,5E+10","13,8E+0","2,9E+0","12,2E+0"
MGLV,Consumer Cyclicals,"2,2E+12","-64,0E-2","39,0E-2","-92,0E-2"
MGNA,Financials,"36,8E+10","15,7E+0","2,2E+0","16,3E+0"
MGRO,Consumer Non-Cyclicals,"2,7E+12","4,5E+0","5,6E+0","39,0E-2"
MHKI,Industrials,"81,0E+10","7,8E+0","5,0E-2","24,7E+0"
MICE,Consumer Cyclicals,"36,9E+10","5,0E+0","54,0E-2","5,4E+0"
MIDI,Consumer Non-Cyclicals,"12,6E+12","15,4E+0","95,0E-2","4,4E+0"
MIKA,Healthcare,"34,5E+12","16,5E+0","14,0E-2","32,4E+0"
MINA,Consumer Cyclicals,"3,6E+12","-2,8E+0","5,0E-2","-94,3E+0"
MINE,Basic Materials,"1,9E+12","28,7E+0","1,4E+0","14,1E+0"
MIRA,Transportation & Logistic,"9,5E+10","-4,6E+0","60,0E-2","-14,6E+0"
MITI,Energy,"99,8E+10","1,4E+0","13,0E-2","5,2E+0"
MKAP,Energy,"1,1E+12","16,9E+0","60,0E-2","19,9E+0"
MKNT,Consumer Cyclicals,"55,0E+8",,"-10,0E+0","-1,7E+0"
MKPI,Properties & Real Estate,"22,9E+12","14,5E+0","22,0E-2","58,1E+0"
MKTR,Consumer Non-Cyclicals,"1,8E+12","10,9E+0","1,4E+0","8,1E+0"
MLBI,Consumer Non-Cyclicals,"12,0E+12","84,9E+0","1,6E+0","46,6E+0"
MLIA,Industrials,"2,2E+12","1,3E+0","38,0E-2","2,2E+0"
MLPL,Industrials,"2,4E+12","-1,4E+0","95,0E-2","-1,4E+0"
MLPT,Technology,"1,4E+14","41,4E+0","3,6E+0","11,6E+0"
MMIX,Healthcare,"1,1E+12","12,0E+0","1,2E+0","15,9E+0"
MMLP,Properties & Real Estate,"3,9E+12","5,2E+0","37,0E-2","1,4E+2"
MNCN,Consumer Cyclicals,"3,9E+12","3,9E+0","8,0E-2","15,4E+0"
MOLI,Basic Materials,"85,5E+10","1,7E+0","31,0E-2","3,4E+0"
MORA,Infrastructures,"1,4E+14","3,6E+0","89,0E-2","9,9E+0"
MPIX,Technology,"10,8E+10","6,8E+0","13,0E-2","75,0E-2"
MPMX,Consumer Cyclicals,"4,2E+12","9,0E+0","48,0E-2","4,8E+0"
MPOW,Infrastructures,"9,6E+10","-7,3E+0","34,0E-2","-33,0E+0"
MPPA,Consumer Non-Cyclicals,"80,4E+10","-2,0E+2","52,0E+0","-2,2E+0"
MPRO,Properties & Real Estate,"1,1E+14","-5,6E+0","41,0E-2","-26,4E+2"
MPXL,Transportation & Logistic,"46,8E+10","-5,9E+0","1,4E+0","-5,9E+0"
MRAT,Consumer Non-Cyclicals,"17,1E+10","-78,0E-2","39,0E-2","-1,9E+0"
MREI,Financials,"51,8E+10","5,6E+0","2,3E+0","3,1E+0"
MSIE,Properties & Real Estate,"6,7E+10","-82,0E-2","11,0E-2","-18,0E+0"
MSIN,Consumer Cyclicals,"25,2E+12","6,2E+0","15,0E-2","15,7E+0"
MSJA,Consumer Non-Cyclicals,"2,0E+12","6,1E+0","28,0E-2","10,7E+0"
MSKY,Consumer Cyclicals,"16,2E+10","-8,1E+0","43,0E-2","-44,1E+0"
MSTI,Technology,"4,5E+12","25,1E+0","41,0E-2","16,2E+0"
MTDL,Technology,"7,4E+12","12,9E+0","1,1E+0","4,0E+0"
MTEL,Infrastructures,"51,0E+12","6,4E+0","77,0E-2","30,8E+0"
MTFN,Energy,"50,9E+10",,"-2,0E+0","-20,4E+0"
MTLA,Properties & Real Estate,"3,3E+12","6,7E+0","34,0E-2","34,3E+0"
MTMH,Healthcare,"2,4E+12","3,3E+0","72,0E-2","5,1E+0"
MTPS,Infrastructures,"16,9E+10","-24,6E+0","79,0E-2",
MTRA,Infrastructures,"18,8E+10",,"-2,9E+0","-14,6E+2"
MTSM,Properties & Real Estate,"11,6E+10","-10,3E+0","71,0E-2","-12,9E+0"
MTWI,Financials,"1,1E+12","22,5E+0","4,3E+0","7,0E+0"
MUTU,Industrials,"38,7E+10","8,4E+0","38,0E-2","8,4E+0"
MYOH,Energy,"3,3E+12","5,8E+0","25,0E-2","8,4E+0"
MYOR,Consumer Non-Cyclicals,"48,7E+12","16,1E+0","75,0E-2","10,4E+0"
MYTX,Consumer Cyclicals,"27,9E+10",,"-6,7E+0","-1,4E+0"
NAIK,Industrials,"40,3E+10","18,1E+0","25,0E-2","21,7E+0"
NANO,Consumer Non-Cyclicals,"22,3E+10","49,0E-2","25,0E-2","1,6E+0"
NASA,Consumer Cyclicals,"35,2E+10","57,0E-2","3,0E-2","70,1E+0"
NASI,Consumer Non-Cyclicals,"11,2E+10","-5,5E+0","26,0E-2","-6,3E+0"
NATO,Consumer Cyclicals,"1,3E+12","-5,0E-2","0,0E+0","-3,2E+0"
NAYZ,Consumer Non-Cyclicals,"16,1E+10","-3,2E+0","5,0E-2","-12,5E+0"
NCKL,Basic Materials,"65,9E+12","18,4E+0","35,0E-2","35,7E+0"
NELY,Transportation & Logistic,"87,0E+10","11,6E+0","28,0E-2","37,0E+0"
NEST,Consumer Non-Cyclicals,"1,5E+12","6,3E+0","12,0E-2","8,9E+0"
NETV,Consumer Cyclicals,"4,6E+12","-48,3E+0","78,0E-2","-4,0E+2"
NFCX,Technology,"1,1E+12","-2,0E+0","88,0E-2","-48,0E-2"
NICE,Basic Materials,"2,6E+12","43,5E+0","1,1E+0","16,5E+0"
NICK,Financials,"86,3E+10","38,8E+0","2,0E-2","1,1E+2"
NICL,Basic Materials,"11,5E+12","65,5E+0","17,0E-2","40,3E+0"
NIKL,Basic Materials,"96,4E+10","2,1E+0","96,0E-2","1,2E+0"
NINE,Technology,"66,9E+10","-20,3E+0","9,0E-2","-5,6E+2"
NIRO,Properties & Real Estate,"6,7E+12","-5,5E+0","1,9E+0","-24,8E+0"
NISP,Financials,"31,0E+12","11,4E+0","5,9E+0","31,2E+0"
NOBU,Financials,"3,6E+12","11,4E+0","8,3E+0","21,1E+0"
NPGF,Basic Materials,"19,1E+10","1,5E+0","38,0E-2","2,8E+0"
NRCA,Infrastructures,"4,5E+12","11,3E+0","1,0E+0","5,8E+0"
NSSS,Consumer Non-Cyclicals,"12,6E+12","37,7E+0","1,2E+0","48,5E+0"
NTBK,Industrials,"35,9E+10","86,0E-2","62,0E-2","1,3E+0"
NUSA,Consumer Cyclicals,"38,5E+10","-1,6E+0","9,0E-2","-1,3E+2"
NZIA,Properties & Real Estate,"25,3E+10","-2,0E+0","17,0E-2","-21,5E+0"
OASA,Infrastructures,"1,4E+12","-13,0E+0","13,0E-2","-2,5E+2"
OBAT,Healthcare,"25,9E+10","25,2E+0","20,0E-2","25,2E+0"
OBMD,Basic Materials,"20,0E+10","15,4E+0","16,0E-2","23,4E+0"
OCAP,Financials,"4,3E+10",,"-1,0E+0",
OILS,Consumer Non-Cyclicals,"12,1E+10","8,3E+0","1,8E+0","1,1E+0"
OKAS,Basic Materials,"33,9E+10","2,0E-2","1,6E+0","1,0E-2"
OLIV,Consumer Cyclicals,"20,3E+10","-14,4E+0","21,0E-2","-1,3E+2"
OMED,Healthcare,"5,4E+12","13,8E+0","15,0E-2","24,8E+0"
OMRE,Properties & Real Estate,"1,3E+12","-4,2E+0","20,0E-2","-4,7E+2"
OPMS,Basic Materials,"11,9E+10","-10,7E+0","1,0E-2","-3,0E+2"
PACK,Basic Materials,"3,5E+12","-23,7E+0","13,0E-2","-72,1E+0"
PADA,Industrials,"63,0E+10","-9,0E+0","1,3E+0","-2,1E+0"
PADI,Financials,"1,4E+12","12,7E+0","37,0E-2","1,7E+2"
PALM,Consumer Non-Cyclicals,"5,9E+12","-4,9E+0","75,0E-2","-5,8E+2"
PAMG,Properties & Real Estate,"20,0E+10","1,1E+0","38,0E-2","12,9E+0"
PANI,Consumer Non-Cyclicals,"2,4E+14","3,0E+0","61,0E-2","30,0E+0"
PANR,Consumer Cyclicals,"99,2E+10","30,2E+0","62,0E-2","13,6E+0"
PANS,Financials,"1,1E+12","6,2E+0","82,0E-2","31,5E+0"
PART,Consumer Cyclicals,"35,0E+10","16,4E+0","88,0E-2","12,3E+0"
PBID,Basic Materials,"3,7E+12","14,1E+0","16,0E-2","10,3E+0"
PBRX,Consumer Cyclicals,"79,5E+10","50,4E+0","1,1E+0","30,9E+0"
PBSA,Infrastructures,"4,0E+12","30,2E+0","58,0E-2","22,7E+0"
PCAR,Consumer Non-Cyclicals,"4,0E+10","1,1E+0","37,0E-2","40,0E-2"
PDES,Consumer Cyclicals,"41,8E+10","25,6E+0","2,1E+0","6,5E+0"
PDPP,Basic Materials,"1,1E+12","7,6E+0","47,0E-2","8,3E+0"
PEGE,Financials,"55,3E+10","-17,0E+0","1,8E+0",
PEHA,Healthcare,"26,9E+10","-52,0E+0","2,6E+0","-30,7E+0"
PEVE,Healthcare,"89,2E+10","18,0E+0","3,0E+0","2,3E+0"
PGAS,Energy,"43,8E+12","9,1E+0","70,0E-2","11,2E+0"
PGEO,Infrastructures,"48,5E+12","6,9E+0","48,0E-2","43,3E+0"
PGJO,Technology,"84,0E+10","-1,5E+2","69,0E-2","-14,1E+2"
PGLI,Consumer Cyclicals,"16,9E+10","-2,1E+0","1,6E+0","-2,1E+0"
PGUN,Consumer Non-Cyclicals,"70,0E+12","8,6E+0","32,0E-2","30,2E+0"
PICO,Basic Materials,"13,4E+10","1,7E+0","2,1E+0","80,0E-2"
PIPA,Industrials,"84,3E+10","2,5E+0","16,0E-2","14,2E+0"
PJAA,Consumer Cyclicals,"81,6E+10","7,8E+0","96,0E-2","17,0E+0"
PJHB,Transportation & Logistic,"1,1E+12","9,7E+0","3,0E-2","85,9E+0"
PKPK,Energy,"1,0E+12","9,0E+0","1,6E+0","4,1E+0"
PLAN,Consumer Cyclicals,"4,3E+10","-8,1E+0","47,0E-2","-68,5E+0"
PLAS,Financials,"5,9E+10","-24,0E-2","20,0E-2","-18,9E+0"
PLIN,Properties & Real Estate,"8,9E+12","8,7E+0","13,0E-2","95,4E+0"
PMJS,Consumer Cyclicals,"1,6E+12","3,0E+0","63,0E-2","1,5E+0"
PMMP,Consumer Non-Cyclicals,"12,9E+10","-28,9E+0","3,2E+0","-32,5E+0"
PMUI,Consumer Cyclicals,"86,4E+10","12,5E+0","18,0E-2","2,0E+0"
PNBN,Financials,"28,5E+12","4,6E+0","2,7E+0","22,7E+0"
PNBS,Financials,"2,1E+12","1,3E+0","33,0E-2","13,2E+0"
PNGO,Basic Materials,"2,4E+12","25,3E+0","44,0E-2","18,1E+0"
PNIN,Financials,"3,5E+12","1,4E+0","2,3E+0","10,0E+0"
PNLF,Financials,"8,8E+12","2,4E+0","2,3E+0","16,1E+0"
PNSE,Consumer Cyclicals,"57,8E+10","-2,9E+0","77,0E-2","-3,5E+0"
POLA,Financials,"11,7E+10","-5,6E+0","4,0E-2","-74,5E+0"
POLI,Properties & Real Estate,"1,5E+12","4,3E+0","1,0E+0","18,7E+0"
POLL,Properties & Real Estate,"93,2E+10","1,5E+0","68,0E-2","25,8E+0"
POLU,Consumer Cyclicals,"16,8E+12","6,8E+0","65,0E-2","7,6E+0"
POLY,Consumer Cyclicals,"6,2E+10",,"-1,1E+0","-1,3E+2"
POOL,Financials,"11,7E+10","-8,4E+0","3,0E-2","-2,9E+2"
PORT,Infrastructures,"3,2E+12","11,4E+0","99,0E-2","14,3E+0"
POSA,Properties & Real Estate,"41,9E+10",,"-2,5E+0","-3,0E+2"
POWR,Infrastructures,"11,7E+12","8,9E+0","67,0E-2","15,6E+0"
PPGL,Transportation & Logistic,"11,9E+10","5,5E+0","88,0E-2","9,3E+0"
PPRE,Infrastructures,"1,2E+12","5,1E+0","1,2E+0","6,8E+0"
PPRI,Basic Materials,"33,3E+10","4,7E+0","27,0E-2","3,8E+0"
PPRO,Properties & Real Estate,"1,3E+12","-3,5E+0","51,0E-2","-1,8E+2"
PRAY,Healthcare,"11,9E+12","4,5E+0","68,0E-2","8,5E+0"
PRDA,Healthcare,"2,2E+12","8,2E+0","12,0E-2","12,0E+0"
PRIM,Healthcare,"28,8E+10","-75,0E-2","12,0E-2","-2,9E+0"
PSAB,Basic Materials,"14,2E+12","7,0E+0","93,0E-2","13,9E+0"
PSAT,Energy,"2,0E+12","8,9E+0","28,0E-2","14,7E+0"
PSDN,Consumer Non-Cyclicals,"14,8E+10","-59,2E+0","3,1E+0","-3,5E+2"
PSGO,Consumer Non-Cyclicals,"4,0E+12","15,2E+0","55,0E-2","21,6E+0"
PSKT,Consumer Cyclicals,"2,8E+12","-2,9E+0","18,0E-2","-25,0E+0"
PSSI,Energy,"1,9E+12","1,6E+0","16,0E-2","5,7E+0"
PTBA,Energy,"26,6E+12","15,7E+0","1,1E+0","10,4E+0"
PTDU,Infrastructures,"7,5E+10",,"-16,7E+0","-50,9E+0"
PTIS,Energy,"22,3E+10","28,0E-2","53,0E-2","58,0E-2"
PTMP,Industrials,"28,2E+10","4,7E+0","44,0E-2","11,2E+0"
PTMR,Basic Materials,"71,3E+10","5,5E+0","59,0E-2","8,7E+0"
PTPP,Infrastructures,"2,2E+12","1,0E+0","2,6E+0","1,4E+0"
PTPS,Consumer Non-Cyclicals,"43,8E+10","19,8E+0","1,0E-2","75,3E+0"
PTPW,Infrastructures,"86,1E+10","5,3E+0","15,0E-2","13,9E+0"
PTRO,Energy,"1,0E+14","5,1E+0","4,2E+0","2,3E+0"
PTSN,Technology,"2,0E+12","9,6E+0","82,0E-2","6,7E+0"
PTSP,Consumer Cyclicals,"23,0E+10","10,4E+0","87,0E-2","3,5E+0"
PUDP,Properties & Real Estate,"90,3E+10","-72,0E-2","7,0E-2","-13,5E+0"
PURA,Transportation & Logistic,"22,7E+10","1,3E+0","22,0E-2","2,3E+0"
PURE,Basic Materials,"7,0E+10",,"-6,6E+0","-1,2E+2"
PURI,Properties & Real Estate,"38,6E+10","-6,4E+0","4,3E+0","-28,4E+0"
PWON,Properties & Real Estate,"18,4E+12","8,2E+0","37,0E-2","41,8E+0"
PYFA,Healthcare,"6,6E+12","-65,7E+0","8,4E+0","-23,4E+0"
PZZA,Consumer Cyclicals,"68,3E+10","3,9E+0","89,0E-2","1,8E+0"
RAAM,Consumer Cyclicals,"1,6E+12","-6,6E+0","26,0E-2","-59,5E+0"
RAFI,Consumer Cyclicals,"10,0E+10","-18,6E+0","52,0E-2","-39,9E+0"
RAJA,Energy,"27,9E+12","10,0E+0","85,0E-2","17,5E+0"
RALS,Consumer Cyclicals,"3,1E+12","9,5E+0","28,0E-2","17,8E+0"
RANC,Consumer Non-Cyclicals,"1,4E+12","-20,9E+0","2,9E+0","-2,7E+0"
RATU,Energy,"32,9E+12","36,8E+0","45,0E-2","44,8E+0"
RBMS,Properties & Real Estate,"9,3E+10","-2,4E+0","66,0E-2","-8,0E+0"
RCCC,Transportation & Logistic,"18,4E+10","7,3E+0","1,1E+0","5,2E+0"
RDTX,Properties & Real Estate,"3,2E+12","10,8E+0","12,0E-2","82,3E+0"
REAL,Properties & Real Estate,"45,1E+10","6,5E+0","1,0E-2","3,3E+2"
RELF,Properties & Real Estate,"24,1E+10","5,0E+0","26,0E-2","67,7E+0"
RELI,Financials,"1,1E+12","61,0E-2","32,0E-2","28,5E+0"
RGAS,Energy,"14,4E+10","3,9E+0","14,0E-2","2,1E+0"
RICY,Consumer Cyclicals,"3,9E+10",,"-6,9E+0","-46,6E+0"
RIGS,Energy,"46,6E+10","10,4E+0","2,0E-2","1,2E+2"
RIMO,Properties & Real Estate,"2,3E+12","1,2E+0","9,0E-2","14,2E+0"
RISE,Consumer Cyclicals,"1,3E+14","2,3E+0","28,0E-2","21,6E+0"
RMKE,Energy,"16,7E+12","12,3E+0","44,0E-2","20,3E+0"
RMKO,Energy,"30,5E+10","-33,9E+0","2,4E+0","-27,3E+0"
ROCK,Properties & Real Estate,"97,6E+10","1,2E+0","17,0E-2","10,1E+0"
RODA,Properties & Real Estate,"59,8E+10","-2,9E+0","60,0E-2","-42,8E+0"
RONY,Infrastructures,"5,4E+12","3,1E+0","36,0E-2","35,2E+0"
ROTI,Consumer Non-Cyclicals,"4,9E+12","13,0E+0","88,0E-2","9,1E+0"
RSCH,Healthcare,"1,1E+12","-13,8E+0","1,1E+0","-39,0E+0"
RSGK,Healthcare,"91,1E+10","4,1E+0","31,0E-2","9,9E+0"
RUIS,Energy,"15,2E+10","2,7E+0","1,4E+0","1,0E+0"
RUNS,Technology,"10,0E+10","12,0E-2","34,0E-2","65,0E-2"
SAFE,Transportation & Logistic,"22,5E+10","89,5E+0","9,4E+0","11,0E+0"
SAGE,Properties & Real Estate,"23,3E+10","-1,5E+0","12,0E-2","-1,4E+2"
SAME,Healthcare,"6,8E+12","1,2E+0","38,0E-2","3,5E+0"
SAMF,Basic Materials,"3,2E+12","17,1E+0","1,1E+0","9,1E+0"
SAPX,Transportation & Logistic,"29,7E+10","46,0E-2","1,1E+0","23,0E-2"
SATU,Properties & Real Estate,"34,7E+10","-17,3E+0","3,5E+0","-44,4E+0"
SBAT,Consumer Cyclicals,"47,5E+8","-49,5E+0","3,4E+0","-6,6E+2"
SBMA,Basic Materials,"11,9E+10","5,8E+0","23,0E-2","13,3E+0"
SCCO,Industrials,"1,9E+12","5,5E+0","6,0E-2","5,3E+0"
SCMA,Consumer Cyclicals,"28,6E+12","8,5E+0","26,0E-2","13,4E+0"
SCNP,Consumer Cyclicals,"40,3E+10","4,4E+0","23,0E-2","8,9E+0"
SCPI,Healthcare,"10,4E+10","19,3E+0","68,0E-2","8,4E+0"
SDMU,Transportation & Logistic,"8,7E+10","-68,1E+0","6,2E+0","-21,8E+0"
SDPC,Consumer Non-Cyclicals,"17,6E+10","5,6E+0","5,3E+0","56,0E-2"
SDRA,Financials,"4,2E+12","56,0E-2","3,3E+0","2,6E+0"
SEMA,Energy,"17,2E+10","5,3E+0","69,0E-2","8,3E+0"
SFAN,Financials,"2,6E+12","-13,2E+0","27,0E-2","-3,5E+2"
SGER,Energy,"6,4E+12","12,0E+0","1,3E+0","5,4E+0"
SGRO,Consumer Non-Cyclicals,"13,5E+12","21,4E+0","65,0E-2","29,8E+0"
SHID,Consumer Cyclicals,"1,0E+12","-7,5E+0","78,0E-2","-71,0E+0"
SHIP,Energy,"14,4E+12","7,1E+0","1,1E+0","12,2E+0"
SICO,Energy,"12,6E+10","9,3E+0","25,0E-2","10,6E+0"
SIDO,Healthcare,"16,4E+12","35,5E+0","10,0E-2","44,4E+0"
SILO,Healthcare,"32,0E+12","10,7E+0","45,0E-2","10,9E+0"
SIMA,Basic Materials,"2,2E+10",,"-1,3E+2","-9,7E+2"
SIMP,Consumer Non-Cyclicals,"9,6E+12","8,4E+0","52,0E-2","14,5E+0"
SINI,Industrials,"4,8E+12",,"-3,0E+0","-14,5E+0"
SIPD,Consumer Non-Cyclicals,"1,3E+12","1,8E+0","1,5E+0","56,0E-2"
SKBM,Consumer Non-Cyclicals,"88,2E+10","2,6E+0","1,0E+0","1,2E+0"
SKLT,Consumer Non-Cyclicals,"1,6E+12","13,9E+0","71,0E-2","6,9E+0"
SKRN,Industrials,"4,7E+12","37,6E+0","1,6E+0","36,1E+0"
SKYB,Technology,"3,0E+10","-2,8E+0","26,0E-2","-23,4E+0"
SLIS,Consumer Cyclicals,"20,2E+10","-2,8E+0","21,0E-2","-7,3E+0"
SMAR,Consumer Non-Cyclicals,"14,4E+12","8,6E+0","1,0E+0","2,8E+0"
SMBR,Basic Materials,"2,8E+12","7,1E+0","42,0E-2","13,5E+0"
SMCB,Basic Materials,"7,0E+12","6,1E+0","56,0E-2","10,1E+0"
SMDM,Properties & Real Estate,"4,5E+12","54,0E-2","9,0E-2","8,6E+0"
SMDR,Transportation & Logistic,"5,0E+12","7,2E+0","81,0E-2","9,6E+0"
SMGA,Basic Materials,"1,0E+12","13,4E+0","1,1E+0","4,0E+0"
SMGR,Basic Materials,"19,6E+12","24,0E-2","60,0E-2","45,0E-2"
SMIL,Industrials,"4,2E+12","13,6E+0","54,0E-2","31,4E+0"
SMKL,Basic Materials,"56,7E+10","2,0E+0","1,5E+0","1,3E+0"
SMKM,Infrastructures,"14,8E+10","1,6E+0","2,0E-2","9,0E+0"
SMLE,Basic Materials,"63,8E+10","-1,1E+0","85,0E-2","-73,0E-2"
SMMA,Financials,"82,8E+12","10,5E+0","3,3E+0","19,4E+0"
SMMT,Energy,"4,9E+12","12,6E+0","1,7E+0","4,6E+0"
SMRA,Properties & Real Estate,"6,4E+12","6,6E+0","1,5E+0","15,4E+0"
SMRU,Energy,"62,5E+10",,"-33,6E+0","-1,2E+2"
SMSM,Consumer Cyclicals,"9,5E+12","26,5E+0","21,0E-2","28,7E+0"
SNLK,Consumer Cyclicals,"18,5E+10","-3,2E+0","26,0E-2","-17,3E+0"
SOCI,Energy,"1,5E+12","4,3E+0","54,0E-2","14,9E+0"
SOFA,Consumer Cyclicals,"56,2E+10","-1,9E+0","33,0E-2","-3,8E+0"
SOHO,Healthcare,"18,6E+12","19,5E+0","1,0E+0","10,2E+0"
SOLA,Basic Materials,"41,7E+10","16,7E+0","62,0E-2","16,5E+0"
SONA,Consumer Cyclicals,"1,6E+12","10,4E+0","40,0E-2","10,7E+0"
SOSS,Industrials,"72,7E+10","-2,2E+0","71,0E-2","-43,0E-2"
SOTS,Consumer Cyclicals,"41,8E+10","-9,5E+0","1,3E+0","-1,2E+2"
SOUL,Consumer Non-Cyclicals,"9,6E+10","-10,9E+0","8,0E-2","-2,8E+2"
SPMA,Basic Materials,"1,0E+12","2,4E+0","45,0E-2","2,9E+0"
SPRE,Consumer Cyclicals,"9,6E+10","5,2E+0","13,0E-2","7,0E+0"
SPTO,Industrials,"1,8E+12","10,7E+0","42,0E-2","13,1E+0"
SQMI,Basic Materials,"66,8E+10",,"-35,0E+0","-98,3E+2"
SRAJ,Healthcare,"2,1E+14","-8,3E+0","4,3E+0","-6,4E+0"
SRIL,Consumer Cyclicals,"3,0E+12",,"-1,6E+0","-63,0E+0"
SRSN,Basic Materials,"37,9E+10","6,2E+0","49,0E-2","5,1E+0"
SRTG,Financials,"21,6E+12","-8,9E+0","7,0E-2","-3,1E+2"
SSIA,Infrastructures,"8,8E+12","15,0E-2","44,0E-2","37,0E-2"
SSMS,Consumer Non-Cyclicals,"15,2E+12","36,1E+0","2,2E+0","11,5E+0"
SSTM,Consumer Cyclicals,"1,7E+12","-10,7E+0","65,0E-2","-12,9E+0"
STAA,Consumer Non-Cyclicals,"14,9E+12","24,9E+0","44,0E-2","24,8E+0"
STAR,Financials,"89,3E+10","1,7E+0","5,0E-2","2,0E+2"
STRK,Consumer Non-Cyclicals,"2,1E+12","-17,3E+0","11,0E-2","-2,3E+2"
STTP,Consumer Non-Cyclicals,"13,0E+12","16,9E+0","9,0E-2","30,7E+0"
SUGI,Energy,"1,2E+12","-11,3E+0","2,1E+0","-21,1E+2"
SULI,Basic Materials,"78,4E+10","-40,4E+0","1,9E+0","-56,1E+0"
SUNI,Energy,"2,1E+12","22,6E+0","45,0E-2","25,8E+0"
SUPR,Infrastructures,"49,9E+12","15,3E+0","31,0E-2","85,6E+0"
SURE,Energy,"4,0E+12","-51,6E+0","4,9E+0","-34,3E+0"
SURI,Healthcare,"63,3E+10","-3,0E+0","15,0E-2","-8,9E+0"
SWAT,Basic Materials,"4,8E+10","-16,3E+0","2,3E+0","-21,4E+0"
SWID,Properties & Real Estate,"66,2E+10","14,2E+0","79,0E-2","30,1E+0"
TALF,Basic Materials,"63,3E+10","2,7E+0","46,0E-2","3,2E+0"
TAMA,Infrastructures,"4,4E+10","-28,9E+0","4,1E+0","-60,1E+0"
TAMU,Energy,"1,1E+12","-67,0E+0","76,0E-2","-4,0E+2"
TAPG,Consumer Non-Cyclicals,"33,6E+12","35,8E+0","24,0E-2","51,0E+0"
TARA,Properties & Real Estate,"27,2E+10","-22,0E-2","2,0E-2","-81,5E+0"
TAXI,Transportation & Logistic,"16,4E+10","-6,5E+0","8,0E-2","-1,5E+2"
TAYS,Consumer Non-Cyclicals,"9,0E+10","-1,4E+2","7,2E+0","-77,8E+0"
TBIG,Infrastructures,"45,0E+12","12,2E+0","3,2E+0","25,2E+0"
TBLA,Consumer Non-Cyclicals,"4,3E+12","9,2E+0","2,3E+0","5,1E+0"
TBMS,Basic Materials,"1,0E+12","9,0E+0","1,4E+0","1,0E+0"
TCID,Consumer Non-Cyclicals,"1,3E+12","-25,0E-2","29,0E-2","-29,0E-2"
TCPI,Energy,"37,6E+12","8,5E+0","74,0E-2","13,3E+0"
TDPM,Basic Materials,"1,2E+12","-3,8E+2","8,6E+0","-1,6E+2"
TEBE,Energy,"2,7E+12","10,9E+0","6,0E-2","39,5E+0"
TECH,Technology,"6,3E+10","2,0E+0","15,0E-2","3,5E+2"
TELE,Consumer Cyclicals,"6,6E+10",,"-1,0E+0","-10,4E+0"
TFAS,Technology,"42,3E+10","13,0E-2","31,0E-2","10,0E-2"
TFCO,Consumer Cyclicals,"2,4E+12","1,8E+0","8,0E-2","3,9E+0"
TGKA,Consumer Non-Cyclicals,"4,6E+12","16,8E+0","1,0E+0","4,1E+0"
TGRA,Infrastructures,"7,4E+10","-8,8E+0","52,0E-2",
TGUK,Consumer Non-Cyclicals,"48,9E+10","-1,0E+2","42,0E-2","-27,7E+2"
TIFA,Financials,"1,6E+12","5,0E+0","50,0E-2","45,5E+0"
TINS,Basic Materials,"24,3E+12","11,6E+0","80,0E-2","13,3E+0"
TIRA,Industrials,"84,1E+10","1,0E-2","1,4E+0","1,0E-2"
TIRT,Basic Materials,"5,8E+10",,"-1,5E+0","-15,6E+4"
TKIM,Basic Materials,"23,6E+12","14,1E+0","40,0E-2","55,2E+0"
TLDN,Consumer Non-Cyclicals,"9,3E+12","35,3E+0","74,0E-2","33,1E+0"
TLKM,Infrastructures,"3,5E+14","14,0E+0","88,0E-2","19,9E+0"
TMAS,Transportation & Logistic,"7,4E+12","21,0E+0","71,0E-2","19,9E+0"
TMPO,Consumer Cyclicals,"17,7E+10","-79,0E-2","78,0E-2","-1,5E+0"
TNCA,Transportation & Logistic,"10,8E+10","1,1E+0","16,0E-2","88,0E-2"
TOBA,Energy,"6,9E+12","-55,2E+0","2,4E+0","-45,6E+0"
TOOL,Consumer Cyclicals,"12,9E+10","-3,3E+0","11,0E-2","-13,9E+0"
TOPS,Infrastructures,"3,3E+10","-68,6E+0","2,9E+0","-6,8E+2"
TOSK,Technology,"29,8E+10","4,1E+0","32,0E-2","51,0E-2"
TOTL,Infrastructures,"3,5E+12","31,0E+0","2,1E+0","13,7E+0"
TOTO,Industrials,"2,8E+12","14,4E+0","36,0E-2","20,6E+0"
TOWR,Infrastructures,"32,2E+12","13,1E+0","2,0E+0","35,6E+0"
TOYS,Consumer Cyclicals,"1,1E+10","-5,5E+0","44,0E-2","-22,5E+0"
TPMA,Energy,"2,0E+12","15,3E+0","86,0E-2","26,5E+0"
TRAM,Energy,"2,5E+12","-62,0E+0","3,1E+0","-23,1E+0"
TRGU,Consumer Non-Cyclicals,"1,6E+12","-3,3E+0","2,9E+0","-1,2E+0"
TRIL,Industrials,"6,0E+10","-3,1E+0","17,0E-2","-16,9E+0"
TRIM,Financials,"4,9E+12","25,9E+0","2,5E+0","41,8E+0"
TRIN,Properties & Real Estate,"3,2E+12","-12,7E+0","3,4E+0","-33,1E+0"
TRIO,Consumer Cyclicals,"11,1E+12",,"-1,0E+0","-38,3E+0"
TRIS,Consumer Cyclicals,"59,1E+10","7,2E+0","66,0E-2","4,9E+0"
TRJA,Transportation & Logistic,"24,2E+10","-86,0E-2","1,0E+0","-86,0E-2"
TRON,Technology,"24,8E+10","-19,5E+0","41,0E-2","-61,6E+0"
TRST,Basic Materials,"1,3E+12","1,4E+0","1,0E+0","1,4E+0"
TRUE,Properties & Real Estate,"96,9E+10","-24,5E+0","2,2E+0","-1,7E+2"
TRUK,Transportation & Logistic,"21,1E+10","-16,1E+0","33,0E-2","-22,3E+0"
TRUS,Financials,"34,4E+10","4,9E+0","23,0E-2","59,1E+0"
TSPC,Healthcare,"12,6E+12","15,2E+0","34,0E-2","14,8E+0"
TUGU,Financials,"3,9E+12","6,8E+0","1,9E+0","10,8E+0"
TYRE,Consumer Cyclicals,"43,9E+10","6,7E+0","72,0E-2","5,0E+0"
UANG,Consumer Cyclicals,"6,4E+12","13,0E+0","1,9E+0","28,8E+0"
UCID,Consumer Non-Cyclicals,"1,8E+12","36,0E-2","46,0E-2","33,0E-2"
UDNG,Consumer Non-Cyclicals,"6,6E+12","-1,1E+0","7,0E-2","-4,6E+0"
UFOE,Consumer Cyclicals,"54,2E+10","7,9E+0","1,2E+0","2,3E+0"
ULTJ,Consumer Non-Cyclicals,"15,7E+12","15,3E+0","8,0E-2","19,5E+0"
UNIC,Basic Materials,"3,5E+12","9,3E+0","16,0E-2","9,5E+0"
UNIQ,Energy,"1,3E+12","11,1E+0","56,0E-2","12,4E+0"
UNIT,Consumer Cyclicals,"2,4E+10","14,0E-2","47,0E-2","65,0E-2"
UNSP,Consumer Non-Cyclicals,"51,5E+10",,"-1,7E+0","-1,0E+2"
UNTD,Consumer Cyclicals,"67,3E+10","-1,4E+0","1,1E+0","-2,4E+0"
UNTR,Industrials,"1,0E+14","15,0E+0","74,0E-2","15,3E+0"
UNVR,Consumer Non-Cyclicals,"99,2E+12","1,1E+2","4,2E+0","13,4E+0"
URBN,Properties & Real Estate,"60,8E+10","-25,0E-2","1,0E+0","-50,3E+0"
UVCR,Technology,"22,6E+10","-8,0E-2","1,2E+0","-1,0E-2"
VAST,Properties & Real Estate,"45,2E+10","4,3E+0","38,0E-2","57,5E+0"
VERN,Consumer Cyclicals,"60,0E+10","-40,0E-2","3,0E-2","-3,4E+0"
VICI,CONSUMER GOODS INDUSTRY,"4,8E+12","14,8E+0","22,0E-2","15,8E+0"
VICO,Financials,"2,8E+12","8,3E+0","5,3E+0","93,8E+0"
VINS,Financials,"22,2E+10","6,3E+0","51,0E-2","13,5E+0"
VISI,Industrials,"68,9E+10","2,3E+0","58,0E-2","1,7E+0"
VIVA,Consumer Cyclicals,"46,1E+10","14,7E+2","16,0E+0","7,9E+2"
VKTR,Consumer Cyclicals,"21,7E+12","-16,0E-2","59,0E-2","-25,0E-2"
VOKS,Industrials,"1,0E+12","-17,5E+0","2,0E+0","-6,8E+0"
VRNA,Financials,"49,5E+10","-1,7E+0","3,1E+0","-4,5E+0"
VTNY,Financials,"58,9E+10","4,1E+0","2,3E+0","12,5E+0"
WAPO,Consumer Non-Cyclicals,"23,1E+10","-15,3E+0","71,0E-2","-86,0E-2"
WEGE,Infrastructures,"65,1E+10","-1,2E+0","90,0E-2","-2,5E+0"
WEHA,Transportation & Logistic,"17,8E+10","9,0E+0","54,0E-2","10,0E+0"
WGSH,Technology,"27,5E+10","7,0E+0","24,0E-2","34,8E+0"
WICO,Consumer Non-Cyclicals,"29,4E+10",,"-1,5E+0","-33,0E+0"
WIDI,Industrials,"6,1E+10","-3,8E+0","2,0E-2","-27,8E+0"
WIFI,Consumer Cyclicals,"19,8E+12","16,8E+0","1,4E+0","71,9E+0"
WIIM,Consumer Non-Cyclicals,"3,9E+12","18,3E+0","63,0E-2","8,2E+0"
WIKA,Infrastructures,"8,1E+12","-72,6E+0","5,7E+0","-68,4E+0"
WINE,Consumer Non-Cyclicals,"54,2E+10","12,1E+0","40,0E-2","18,6E+0"
WINR,Properties & Real Estate,"20,9E+10","6,0E+0","31,0E-2","54,2E+0"
WINS,Energy,"1,9E+12","6,4E+0","25,0E-2","22,5E+0"
WIRG,Technology,"1,2E+12","10,1E+0","72,0E-2","4,6E+0"
WMPP,Consumer Non-Cyclicals,"35,3E+10","-84,2E+0","7,8E+0","-62,7E+0"
WMUU,Consumer Non-Cyclicals,"55,6E+10","-11,2E+0","2,0E+0","-17,5E+0"
WOMF,Financials,"1,2E+12","11,2E+0","2,8E+0","15,7E+0"
WOOD,Consumer Cyclicals,"2,3E+12","3,7E+0","69,0E-2","7,8E+0"
WOWS,Energy,"18,6E+10","1,6E+0","21,0E-2","4,9E+0"
WSBP,Basic Materials,"1,0E+12",,"-2,7E+0","-58,3E+0"
WSKT,Infrastructures,"5,8E+12","-63,1E+0","15,4E+0","-52,3E+0"
WTON,Basic Materials,"84,5E+10","1,1E+0","76,0E-2","1,6E+0"
YELO,Consumer Cyclicals,"22,4E+10","-1,5E+0","3,0E-2","-8,0E+0"
YOII,Financials,"33,9E+10","16,1E+0","60,0E-2","6,2E+0"
YPAS,Basic Materials,"35,4E+10","-3,1E+0","1,2E+0","-1,5E+0"
YULE,Financials,"4,8E+12","8,8E+0","27,0E-2","1,2E+2"
YUPI,Consumer Non-Cyclicals,"14,3E+12","36,0E+0","75,0E-2","27,4E+0"
ZATA,Consumer Cyclicals,"53,5E+10","34,0E-2","30,0E-2","1,1E+0"
ZBRA,Industrials,"12,6E+10","-13,4E+0","1,8E+0","-13,6E+0"
ZINC,Basic Materials,"75,8E+10","-41,8E+0","4,2E+0",
ZONE,Consumer Cyclicals,"46,1E+10","2,1E+0","89,0E-2","1,5E+0"
ZYRX,Technology,"22,3E+10","5,3E+0","73,0E-2","6,8E+0"
